Date;Close;High;Low;Open;Volume
14/12/2022;17.659.528.732.299.800;18.237.056.501.037.200;17.405.736.991.187.200;1.797.227.218.085.040;496888000
15/12/2022;16.938.119.888.305.600;17.305.818.611.715.300;16.686.327.315.889.200;1.713.196.129.101.240;478542000
16/12/2022;16.557.430.267.333.900;1.702.704.663.560.610;1.639.656.280.074.960;16.850.191.523.278.600;478232000
19/12/2022;16.240.694.046.020.500;16.595.402.982.576.000;16.131.784.021.427.200;1.655.843.452.129.090;354039000
20/12/2022;1.607.183.265.686.030;16.296.648.863.545.800;15.839.024.530.853.500;1.605.084.993.795.550;403260000
21/12/2022;16.487.489.700.317.300;16.613.387.898.119.900;1.608.881.620.314.780;16.100.807.415.218.000;325025000
22/12/2022;15.326.441.764.831.500;1.612.478.836.587.800;14.869.816.130.143.400;1.608.082.376.342.010;565045000
23/12/2022;15.193.551.063.537.500;1.532.644.159.609.820;14.870.815.551.756.700;15.183.559.021.916.800;349326000
27/12/2022;14.109.439.849.853.500;15.087.638.463.348.800;14.044.492.529.786.500;15.061.659.725.900.800;464902000
28/12/2022;14.024.508.476.257.300;1.425.032.327.426.340;13.872.632.497.198.400;13.915.597.512.631.500;351066000
29/12/2022;14.591.043.472.290.000;14.670.977.896.009.700;14.215.351.871.386.100;14.390.208.780.608.000;354923000
30/12/2022;14.602.034.568.786.600;14.617.021.677.131.600;14.221.346.008.211.800;14.322.263.143.028.200;310490000
03/01/2023;14.303.278.923.034.600;14.983.722.051.275.600;14.084.458.370.348.000;14.838.840.315.183.700;401277000
04/01/2023;1.473.692.512.512.200;14.840.840.075.575.400;1.422.934.158.563.880;14.555.074.914.722.100;431324000
05/01/2023;14.253.320.693.969.700;14.552.075.670.491.900;14.136.415.909.839.400;14.479.135.485.903.600;389168000
06/01/2023;14.846.834.182.739.200;14.997.710.572.155.100;14.022.509.854.107.000;14.462.149.178.413.000;405044000
09/01/2023;15.615.203.857.421.800;16.042.852.902.543.700;1.512.860.215.409.780;15.271.485.666.138.800;504231000
10/01/2023;15.895.975.112.915.000;1.594.893.121.673.770;15.459.332.626.456.000;15.494.303.818.205.700;384101000
11/01/2023;15.987.898.826.599.100;1.601.487.714.757.310;15.550.257.708.216.100;15.827.031.344.724.500;353285000
12/01/2023;16.497.480.392.456.000;16.623.376.674.174.500;15.479.314.701.266.600;1.608.681.762.259.120;551409000
13/01/2023;16.885.164.260.864.200;16.908.146.146.393.500;1.615.176.596.394.340;16.264.672.409.444.300;447287000
17/01/2023;17.687.509.536.743.100;17.713.489.229.977.500;16.885.167.342.585.600;16.885.167.342.585.600;511102000
18/01/2023;1.736.277.198.791.500;17.858.364.231.807.200;1.726.784.855.712.280;17.652.533.536.018.400;439624000
19/01/2023;16.751.272.201.538.000;17.182.919.592.747.300;16.717.301.550.134.700;17.022.050.215.153.400;452932000
20/01/2023;1.782.439.613.342.280;1.784.138.241.393.560;16.811.226.343.623.600;16.997.072.985.244.900;564967000
23/01/2023;1.917.728.614.807.120;1.922.924.361.779.150;17.803.411.956.257.100;18.049.208.922.830.700;655163000
24/01/2023;1.924.922.752.380.370;1.947.904.067.584.790;1.880.459.214.124.050;18.811.586.379.989.300;496204000
25/01/2023;19.307.178.497.314.400;19.354.140.898.523.600;1.856.478.682.693.730;18.897.514.353.205.800;449537000
26/01/2023;1.978.578.758.239.740;20.149.489.885.366.500;1.926.221.642.846.410;19.684.870.441.693.300;489535000
27/01/2023;20.348.325.729.370.100;2.061.111.088.344.210;19.389.112.653.490.200;1.944.606.519.137.810;542142000
30/01/2023;19.146.310.806.274.400;2.012.350.875.424.220;1.913.431.959.512.860;19.933.665.698.445.600;488611000
31/01/2023;1.952.100.372.314.450;1.967.088.052.170.420;1.893.448.446.657.560;19.154.303.644.077.400;498017000
01/02/2023;20.925.853.729.248.000;21.174.648.503.788.000;19.594.943.571.300.600;19.674.877.995.136.700;660477000
02/02/2023;21.691.225.051.879.800;21.931.028.319.443.600;20.683.052.314.586.800;20.982.805.922.594.800;564276000
03/02/2023;2.108.272.361.755.370;21.727.195.946.386.900;20.771.977.442.286.000;2.098.280.511.679.250;429366000
06/02/2023;21.071.733.474.731.400;21.552.338.635.862.000;20.768.980.162.055.600;20.788.964.243.868.000;452197000
07/02/2023;2.215.484.619.140.620;22.240.776.221.047.800;2.113.268.305.609.240;21.364.493.456.754.500;664150000
08/02/2023;22.186.819.076.538.000;22.859.268.377.946.800;21.989.979.871.627.100;2.236.866.926.710.400;559651000
09/02/2023;2.231.871.223.449.700;2.300.115.361.559.770;22.101.890.841.134.400;22.587.493.006.154.800;523876000
10/02/2023;21.247.589.111.328.100;22.059.923.209.964.100;2.079.396.224.758.760;21.672.242.294.842.700;550737000
13/02/2023;2.177.016.258.239.740;22.029.949.952.806.300;2.094.483.860.334.860;21.520.367.253.825.800;474919000
14/02/2023;22.952.192.306.518.500;2.303.012.755.681.970;21.348.505.011.824.300;2.156.033.132.218.110;675474000
15/02/2023;22.745.363.235.473.600;228.362.883.381.025;22.087.902.895.293.100;22.530.539.101.779.800;420575000
16/02/2023;21.983.983.993.530.200;2.253.153.368.148.580;21.909.044.646.590.900;22.114.875.333.928.500;412026000
17/02/2023;2.137.049.102.783.200;21.722.202.143.594.800;20.957.829.026.914.900;21.613.292.124.399.400;465888000
21/02/2023;20.638.086.318.969.700;21.476.398.057.915.600;20.601.115.962.656.900;20.982.803.112.593.400;410015000
22/02/2023;2.073.700.714.111.320;21.086.720.955.863.100;20.404.279.605.625.400;20.690.046.644.389.800;513184000
23/02/2023;23.644.620.895.385.700;23.868.438.389.794.600;230.061.442.392.191;2.342.080.530.676.350;1117995000
24/02/2023;23.266.935.348.510.700;23.454.783.066.670.700;22.928.214.087.929.200;23.205.986.370.917.000;589716000
27/02/2023;2.348.175.811.767.570;2.386.044.752.352.480;2.343.479.762.020.700;2.365.062.037.481.700;452994000
28/02/2023;23.196.992.874.145.500;2.380.549.545.006.610;2.318.700.083.236.070;2.335.286.529.557.150;455963000
01/03/2023;2.267.941.665.649.410;23.236.960.375.063.200;22.489.571.679.600.100;23.173.011.690.631.400;460026000
02/03/2023;2.329.490.852.355.950;2.336.085.446.425.780;2.241.363.077.915.590;22.469.586.585.439.900;389415000
03/03/2023;23.870.439.529.418.900;2.388.043.157.064.550;23.111.061.548.282.200;23.300.906.520.013.100;412393000
06/03/2023;23.534.713.745.117.100;24.228.143.803.852.700;23.467.767.266.153.600;23.871.437.687.148.100;437429000
07/03/2023;2.327.288.818.359.370;24.109.344.935.333.300;2.322.591.779.814.430;2.358.468.599.671.920;515154000
08/03/2023;24.165.306.091.308.500;24.184.294.766.581.200;23.408.797.420.933.100;23.471.756.258.943.300;513573000
09/03/2023;2.342.078.971.862.790;2.443.812.863.634.960;23.367.822.715.310.300;2.415.930.848.577.090;501257000
10/03/2023;2.295.009.994.506.830;2.361.167.108.031.280;2.271.125.469.340.570;2.339.381.211.188.550;474866000
13/03/2023;22.951.099.395.751.900;2.328.288.472.802.160;22.282.534.719.983.600;2.273.723.944.237.460;421890000
14/03/2023;24.047.382.354.736.300;2.420.328.124.483.990;23.444.773.073.406.300;2.348.075.091.334.450;474910000
15/03/2023;24.212.276.458.740.200;2.427.023.747.433.620;23.344.839.767.755.700;2.374.557.858.510.260;524486000
16/03/2023;25.524.423.599.243.100;2.557.139.207.335.740;23.878.491.278.999.000;2.401.140.628.522.710;583253000
17/03/2023;25.708.303.451.538.000;26.381.865.775.250.600;2.565.133.933.448.180;25.965.136.614.007.100;848547000
20/03/2023;25.883.188.247.680.600;26.007.108.309.767.300;25.113.687.587.733.200;2.559.837.339.016.030;432747000
21/03/2023;26.181.997.299.194.300;2.637.487.284.283.390;2.536.452.926.173.850;2.616.301.052.912.080;547408000
22/03/2023;26.450.820.922.851.500;27.571.093.609.171.600;26.219.969.957.500.400;26.407.847.658.541.600;797295000
23/03/2023;2.717.335.319.519.040;27.481.153.869.318.500;26.672.678.890.028.300;27.097.402.305.232.400;564889000
24/03/2023;26.761.619.567.871.000;27.149.368.241.079.900;2.633.789.496.036.660;27.013.456.826.272.400;454920000
27/03/2023;26.513.782.501.220.700;269.824.780.003.573;2.634.788.986.309.700;268.195.836.745.759;361026000
28/03/2023;26.392.858.505.249.000;2.649.579.229.381.830;2.583.322.250.551.300;26.429.835.146.196.600;356104000
29/03/2023;2.696.648.406.982.420;2.706.042.291.764.200;26.579.736.138.825.800;26.807.588.785.589.400;393694000
30/03/2023;2.736.522.674.560.540;27.481.152.585.329.500;2.708.440.898.873.490;27.211.327.368.787.300;364516000
31/03/2023;2.775.897.216.796.870;27.815.934.380.003.300;2.708.740.743.538.730;27.122.384.566.656.100;433933000
03/04/2023;27.946.849.822.998.000;27.981.826.954.201.900;27.318.258.357.219.900;2.749.114.640.923.390;398716000
04/04/2023;274.351.806.640.625;27.981.826.516.516.900;27.289.275.517.291.100;27.947.848.187.847.300;368592000
05/04/2023;2.686.355.209.350.580;26.980.474.822.292.800;2.637.786.749.452.910;26.811.585.800.897.000;515015000
06/04/2023;27.019.451.141.357.400;27.062.422.498.432.700;26.409.846.477.836.500;26.566.744.158.591.700;397654000
10/04/2023;2.756.110.191.345.210;27.603.074.472.787.900;26.651.692.648.954.500;26.805.592.033.185.800;395279000
11/04/2023;271.513.671.875;27.771.964.430.932.800;27.108.393.921.533.400;2.770.600.728.201.990;314378000
12/04/2023;26.477.806.091.308.500;2.745.017.420.598.150;26.430.835.708.972.700;2.735.223.823.307.270;446259000
13/04/2023;26.445.823.669.433.500;26.869.548.260.916.700;2.631.191.176.986.600;267.166.476.867.757;353615000
14/04/2023;26.740.633.010.864.200;26.865.551.883.679.400;26.202.982.075.525.200;26.486.798.151.032.500;395660000
17/04/2023;2.698.447.608.947.750;26.988.473.203.686.300;26.415.845.135.360.800;26.547.759.434.806.400;321471000
18/04/2023;27.649.044.036.865.200;28.091.757.324.454.100;2.733.924.575.942.380;27.515.132.130.784.600;604812000
19/04/2023;27.912.872.314.453.100;2.798.182.777.688.540;2.721.432.656.572.950;27.343.242.553.972.800;358660000
20/04/2023;27.086.408.615.112.300;2.801.180.820.232.440;26.982.476.023.380.700;27.653.040.047.394.500;427713000
21/04/2023;27.101.398.468.017.500;27.165.358.012.841.700;26.704.656.772.926.200;26.934.507.038.823;345103000
24/04/2023;2.702.444.839.477.530;273.482.375.101.197;26.653.688.900.019.200;26.995.467.887.974.800;339282000
25/04/2023;26.223.968.505.859.300;272.293.161.185.349;26.207.980.048.962.100;2.706.042.517.631.060;378527000
26/04/2023;26.938.505.172.729.400;27.312.262.999.046.000;26.687.668.618.436.600;26.984.476.752.537.600;406337000
27/04/2023;27.208.332.061.767.500;27.477.158.506.001.200;2.660.772.223.648.640;27.345.244.195.270.200;377161000
28/04/2023;2.773.099.136.352.530;27.739.984.394.080.400;2.705.342.998.469.080;2.720.733.127.338.200;292216000
01/05/2023;28.891.237.258.911.100;29.039.141.923.615.900;2.776.197.146.754.510;2.782.193.199.383.700;570329000
02/05/2023;28.191.692.352.294.900;2.881.728.747.000.180;2.806.477.586.620.420;28.661.388.568.150.400;402730000
03/05/2023;27.783.958.435.058.500;28.348.592.322.124.100;274.541.726.589.013;278.219.338.823.804;383387000
04/05/2023;2.754.411.506.652.830;27.840.921.319.115.900;27.222.323.511.757.100;27.633.056.109.035.900;321850000
05/05/2023;2.866.138.458.251.950;28.736.334.757.570.500;27.713.001.157.721.600;27.807.938.808.563.800;361494000
08/05/2023;29.132.076.263.427.700;29.201.031.717.397.800;2.833.159.752.844.970;28.503.484.856.309.700;344979000
09/05/2023;2.855.245.590.209.960;28.954.195.421.712.200;2.843.153.605.029.760;2.888.024.404.414.100;314869000
10/05/2023;28.866.254.806.518.500;29.094.107.482.413.500;28.442.530.182.163.900;28.986.175.863.013.200;369350000
11/05/2023;28.559.452.056.884.700;2.893.121.227.658.870;28.227.668.698.313.300;28.877.246.468.531.400;322149000
12/05/2023;28.321.605.682.373.000;28.761.320.627.980.600;2.802.779.588.194.690;2.851.048.218.586.150;274222000
15/05/2023;28.934.206.008.911.100;2.895.019.637.066.430;28.133.727.241.512.600;2.848.949.515.899.850;293926000
16/05/2023;29.194.042.205.810.500;29.850.617.354.397.000;2.881.329.083.509.010;2.882.228.386.631.900;449405000
17/05/2023;30.158.411.026.000.900;30.179.397.303.455.600;29.410.897.359.281.200;2.956.479.672.728.250;432535000
18/05/2023;31.657.438.278.198.200;31.807.340.536.574.900;3.030.031.991.259.900;3.039.026.164.884.710;748725000
19/05/2023;31.243.709.564.208.900;31.559.504.464.567.900;30.895.935.843.609.600;31.515.532.395.418.200;473908000
22/05/2023;311.557.674.407.959;31.499.544.048.329.200;30.660.089.053.951.900;30.880.944.390.289.000;372000000
23/05/2023;3.066.808.319.091.790;31.267.694.171.698.200;30.611.120.976.902.000;30.979.880.977.168.100;356253000
24/05/2023;3.051.818.084.716.790;3.058.713.630.992.960;29.786.655.566.782.400;3.019.039.269.854.060;721419000
25/05/2023;37.955.352.783.203.100;3.945.437.937.248.700;3.661.122.438.823.420;38.497.999.676.577.300;1543911000
26/05/2023;3.892.072.296.142.570;3.914.457.660.817.050;3.752.562.906.518.610;37.865.408.555.661.500;714397000
30/05/2023;4.008.496.856.689.450;4.191.078.253.323.840;3.992.307.495.310.240;4.056.865.561.638.490;923401000
31/05/2023;37.809.444.427.490.200;4.026.884.571.341.780;3.779.745.117.886.430;39.462.370.269.421.500;1002580000
01/06/2023;3.974.419.021.606.440;4.002.400.727.959.350;3.831.511.796.351.830;3.846.401.952.597.580;635873000
02/06/2023;3.930.147.933.959.960;40.473.718.484.515.500;3.903.265.289.434.990;40.070.980.123.808.800;482731000
05/06/2023;3.914.557.647.705.070;39.539.317.935.308.400;38.681.876.946.870.200;3.888.374.549.804.090;396094000
06/06/2023;3.862.891.387.939.450;3.913.458.601.689.930;38.123.241.741.889.700;38.804.802.160.748.400;388729000
07/06/2023;3.745.454.788.208.000;3.947.744.543.312.820;3.733.561.334.043.700;38.893.764.495.503.200;511998000
08/06/2023;3.848.898.696.899.410;388.427.939.153.626;3.748.453.804.984.030;37.703.416.518.186.600;417772000
09/06/2023;38.748.844.146.728.500;3.968.932.873.307.710;38.545.955.805.851.400;3.901.569.674.007.000;427717000
12/06/2023;3.946.045.684.814.450;3.950.843.099.459.070;3.859.692.983.734.380;3.917.861.302.696.570;388701000
13/06/2023;4.099.961.853.027.340;410.785.778.084.364;3.971.832.028.335.550;40.164.076.100.144.500;613208000
14/06/2023;4.297.354.507.446.280;4.297.654.179.079.340;4.052.987.541.154.220;4.080.173.019.682.720;740465000
15/06/2023;42.629.730.224.609.300;43.265.384.836.246.600;4.212.400.575.806.210;4.257.875.935.956.900;568622000
16/06/2023;42.668.704.986.572.200;4.369.714.280.637.500;42.637.719.859.224.500;4.342.629.077.833.160;655709000
20/06/2023;43.784.095.764.160.100;4.396.599.947.936.290;4.265.071.563.542.560;42.974.540.163.328.000;451153000
21/06/2023;43.021.514.892.578.100;43.591.207.435.657.100;4.205.704.501.017.960;4.347.726.740.199.490;551603000
22/06/2023;4.300.152.587.890.620;43.402.304.245.478.600;422.109.571.046.696;4.222.994.393.165.160;417737000
23/06/2023;4.218.597.412.109.370;4.278.564.528.889.140;419.920.797.064;42.440.836.083.085.100;358140000
26/06/2023;4.060.983.657.836.910;4.274.067.361.348.420;4.007.812.527.195.300;4.243.783.748.676.330;594322000
27/06/2023;41.853.153.228.759.700;4.191.711.748.885.720;40.425.934.710.005.000;4.077.674.114.143.430;462175000
28/06/2023;4.109.456.253.051.750;4.182.216.589.254.700;4.049.589.038.816.180;40.637.811.188.976.000;582639000
29/06/2023;4.079.972.457.885.740;41.577.299.950.801.000;40.577.845.588.400.800;4.153.532.305.058.580;380514000
30/06/2023;422.789.192.199.707;42.526.785.015.369.900;4.147.835.753.719.580;41.657.260.733.272.200;501148000
03/07/2023;4.238.985.824.584.960;42.874.594.246.480.000;4.217.897.482.861.760;424.938.015.963.702;198209000
05/07/2023;4.229.391.098.022.460;4.315.343.851.678.270;42.062.035.314.453.600;4.211.200.726.932.320;323618000
06/07/2023;4.208.003.234.863.280;4.215.599.110.214.390;41.323.445.342.508.200;41.821.174.768.467.000;303582000
07/07/2023;42.479.801.177.978.500;4.319.041.547.884.920;42.156.979.416.123.600;42.298.900.207.687.300;355881000
10/07/2023;42.156.986.236.572.200;42.787.642.471.608.000;4.162.627.391.492.430;4.263.372.716.743.970;353908000
11/07/2023;42.381.866.455.078.100;4.273.467.453.078.960;42.044.053.399.323.700;4.245.782.520.987.240;298244000
12/07/2023;4.387.804.412.841.790;43.911.027.066.615.400;4.275.365.801.470.830;4.300.951.883.998.820;481277000
13/07/2023;4.595.191.192.626.950;4.612.981.238.358.940;4.446.772.166.829.550;4.449.370.845.634.320;478204000
14/07/2023;45.444.190.979.003.900;4.806.176.136.683.880;4.503.541.375.901.060;4.655.758.152.341.570;772075000
17/07/2023;4.643.564.987.182.610;4.647.063.062.366.610;4.523.730.653.549.650;4.626.374.664.142.160;510488000
18/07/2023;47.468.082.427.978.500;4.786.986.348.716.580;457.090.445.218.803;46.675.515.893.049.700;569164000
19/07/2023;4.705.131.530.761.710;47.791.912.159.998.700;4.671.649.899.256.560;4.743.810.520.447.180;427502000
20/07/2023;4.549.516.677.856.440;47.061.313.235.391.900;4.503.741.645.990.330;4.648.162.782.743.170;537865000
21/07/2023;44.284.820.556.640.600;4.584.097.398.700.810;4.407.593.496.513.590;457.630.136.202.291;963769000
24/07/2023;4.458.766.174.316.400;4.508.439.225.529.300;4.401.597.519.686.050;4.470.659.630.501.920;382516000
25/07/2023;4.565.407.943.725.580;4.615.780.227.032.590;4.489.849.137.503.460;44.916.483.110.194;348081000
26/07/2023;4.542.719.650.268.550;46.027.870.275.466.700;4.460.564.647.122.580;4.599.588.624.332.520;364237000
27/07/2023;4.587.495.803.833.000;473.691.412.842.477;4.572.503.835.474.350;4.649.361.978.738.990;455976000
28/07/2023;4.672.449.493.408.200;4.700.134.424.016.970;4.635.569.676.531.060;4.664.253.893.821.810;331194000
31/07/2023;4.670.350.646.972.650;4.710.428.867.492.160;4.648.062.855.732.840;4.672.849.435.569.350;251055000
01/08/2023;46.481.624.603.271.400;4.687.441.172.832.590;4.600.188.696.062.380;46.434.649.363.103.700;237858000
02/08/2023;4.424.484.634.399.410;4.581.498.829.927.390;43.363.327.623.503.500;4.580.599.433.851.230;530142000
03/08/2023;444.907.112.121.582;45.093.382.845.124.500;43.776.101.176.403.900;43.776.101.176.403.900;324176000
04/08/2023;4.465.562.057.495.110;4.561.709.364.469.400;4.436.877.842.760.470;44.960.454.456.109.300;362666000
07/08/2023;453.922.233.581.543;4.551.515.735.566.510;44.538.689.151.581.100;45.086.390.535.169.300;322154000
08/08/2023;4.463.963.317.871.090;45.217.316.942.470.700;4.403.196.319.010.820;4.482.852.923.844.910;353843000
09/08/2023;4.253.077.697.753.900;4.428.781.696.824.130;4.211.100.421.028.480;44.249.835.693.708.100;586449000
10/08/2023;42.364.871.978.759.700;43.550.225.675.456.900;4.181.217.231.360.560;4.213.699.574.373.500;492705000
11/08/2023;40.832.706.451.416.000;4.199.507.385.757.670;4.061.682.471.129.040;41.728.217.445.224.700;533085000
14/08/2023;43.729.122.161.865.200;43.776.097.398.299.700;40.289.002.945.920.600;40.463.906.685.181.600;690286000
15/08/2023;43.916.019.439.697.200;4.524.329.764.404.110;4.368.614.541.412.470;4.453.568.383.483.930;676512000
16/08/2023;43.462.276.458.740.200;44.650.626.981.324.400;43.382.318.272.344.000;4.449.571.276.095.210;527451000
17/08/2023;4.332.034.683.227.530;4.403.795.349.007.860;4.297.753.170.604.980;4.394.600.464.449.850;452395000
18/08/2023;4.327.537.155.151.360;4.355.421.863.038.220;4.163.726.601.370.560;42.611.732.431.819.600;583768000
21/08/2023;46.941.375.732.421.800;4.703.932.184.051.730;44.197.874.362.477.500;4.446.972.532.960.600;692573000
22/08/2023;456.430.778.503.418;4.816.070.421.705.830;45.308.261.577.730.600;48.108.730.641.843.200;755293000
23/08/2023;47.090.293.884.277.300;47.174.247.686.520.700;4.518.333.397.410.900;45.840.975.904.298.500;779046000
24/08/2023;47.137.264.251.708.900;5.023.857.177.595.230;4.713.326.863.032.970;501.885.998.204.007;1156044000
25/08/2023;45.992.897.033.691.400;4.777.892.090.852.690;44.999.436.003.373.100;469.863.542.513.935;925341000
28/08/2023;46.809.444.427.490.200;469.543.657.684.175;44.863.508.175.320.200;4.645.663.639.493.680;685192000
29/08/2023;4.875.738.525.390.620;4.905.422.410.380.390;46.365.689.250.102.400;46.640.540.743.084.700;701397000
30/08/2023;4.923.712.158.203.120;4.989.975.805.077.240;48.398.578.637.523.000;4.901.724.039.363.040;735206000
31/08/2023;4.932.807.540.893.550;4.971.686.314.070.130;4.893.129.262.084.640;4.935.306.329.598.510;528570000
01/09/2023;4.848.253.631.591.790;49.772.832.417.582.000;4.811.573.594.167.940;4.973.485.494.683.880;463830000
05/09/2023;4.852.151.107.788.080;4.882.434.715.495.610;4.783.388.674.600.470;4.819.668.764.519.060;382653000
06/09/2023;4.703.919.982.910.150;48.526.509.476.419.600;4.655.842.365.882.440;48.418.561.612.125.400;468670000
07/09/2023;4.621.957.778.930.660;4.632.253.071.023.720;4.513.108.161.869.610;4.550.390.990.685.550;433330000
08/09/2023;4.555.088.424.682.610;46.584.405.572.056.900;4.525.002.501.733.810;45.920.715.564.296.000;473069000
11/09/2023;45.157.073.974.609.300;46.141.614.498.404.300;44.291.473.995.947.100;4.612.662.205.679.810;473966000
12/09/2023;4.484.920.883.178.710;4.565.183.817.230.260;44.510.365.202.730.800;447.172.700.232.729;349256000
13/09/2023;4.546.392.822.265.620;4.590.872.175.707.660;44.482.380.908.447.500;4.457.933.609.209.520;398355000
14/09/2023;4.555.988.693.237.300;45.965.697.093.021.300;45.110.094.621.925.900;4.592.871.548.306.050;370097000
15/09/2023;43.879.661.560.058.500;45.577.871.869.694;4.378.770.131.863.030;4.531.999.198.709.530;506831000
18/09/2023;4.394.563.293.457.030;44.221.506.057.325.200;4.198.054.405.465.200;42.728.198.651.654.000;500271000
19/09/2023;4.349.983.596.801.750;4.394.562.846.497.060;4.298.207.442.166.150;4.381.269.066.855.040;373064000
20/09/2023;4.221.943.283.081.050;4.388.266.351.133.670;42.203.441.401.322.400;43.579.802.461.208.800;367108000
21/09/2023;4.099.799.728.393.550;4.208.049.577.030.540;4.096.101.567.472.070;41.563.736.977.268.600;450736000
22/09/2023;41.590.721.130.371.000;4.209.548.821.247.710;4.121.189.511.865.890;41.552.736.723.974.900;479236000
25/09/2023;4.220.243.835.449.210;42.516.292.052.357.200;41.157.920.528.062.900;41.571.730.182.940.100;419091000
26/09/2023;4.189.158.630.371.090;4.280.016.565.537.030;4.163.570.436.324.990;41.981.544.768.615.700;402282000
27/09/2023;4.244.832.229.614.250;42.852.138.257.331.000;41.609.714.131.697.600;4.231.038.955.896.750;444935000
28/09/2023;4.306.903.839.111.320;4.342.587.144.415.840;42.095.490.602.814.600;42.440.328.178.113.600;424663000
29/09/2023;43.478.843.688.964.800;4.412.354.526.206.470;43.286.931.317.069.000;4.380.669.081.351.220;397830000
02/10/2023;4.476.125.717.163.080;4.515.407.286.536.190;4.384.068.237.191.840;4.400.960.280.506.540;433298000
03/10/2023;434.968.376.159.668;4.510.909.311.668.890;4.322.596.325.710.490;447.872.398.839.657;470850000
04/10/2023;44.020.599.365.234.300;4.412.255.330.566.710;4.327.194.577.354.400;4.372.173.808.377.060;361821000
05/10/2023;4.466.729.736.328.120;44.879.200.950.918.700;43.867.668.737.435.200;4.402.959.243.795.160;393483000
06/10/2023;4.574.079.895.019.530;45.767.786.867.817.500;44.005.603.198.940.900;4.417.252.564.280.470;434436000
09/10/2023;4.525.202.941.894.530;45.583.876.376.417.200;4.434.744.981.385.020;44.821.229.292.060.800;409675000
10/10/2023;4.577.677.917.480.460;4.623.756.409.967.200;450.671.090.785.999;45.289.006.333.726.800;368582000
11/10/2023;4.678.432.083.129.880;4.683.729.768.668.540;46.028.670.465.862.800;4.617.460.275.218.860;378137000
12/10/2023;4.692.325.210.571.280;47.586.945.967.380.100;4.630.853.914.386.970;4.675.533.066.493.340;481325000
13/10/2023;4.543.993.377.685.540;47.094.169.510.667.100;4.525.901.788.884.390;4.693.823.975.092.530;474115000
16/10/2023;46.073.646.545.410.100;46.203.583.574.312.100;4.489.119.212.930.560;4.504.212.315.084.610;375099000
17/10/2023;43.917.640.686.035.100;4.473.326.447.683.000;42.460.316.079.497.100;4.397.961.223.234.800;812333000
18/10/2023;4.217.645.263.671.870;4.319.898.137.436.450;4.180.562.611.222.440;4.257.127.011.789.510;627294000
19/10/2023;4.208.150.100.708.000;4.327.694.617.861.220;4.186.260.067.633.130;427.911.712.275.924;501233000
20/10/2023;4.136.782.455.444.330;4.245.032.293.422.290;4.105.896.580.650.460;4.187.058.984.444.120;477266000
23/10/2023;4.295.509.338.378.900;4.322.796.955.938.640;4.092.603.485.604.560;41.209.903.709.929.400;478530000
24/10/2023;43.642.765.045.166.000;43.676.749.686.328;42.671.219.154.669.300;43.057.038.057.985.500;401463000
25/10/2023;41.759.639.739.990.200;43.629.774.950.649.300;4.153.574.451.341.270;4.337.788.900.782.000;398379000
26/10/2023;4.030.731.964.111.320;4.223.642.589.504.530;3.986.152.709.976.480;41.833.612.702.341.100;541001000
27/10/2023;40.481.239.318.847.600;4.118.691.356.194.540;3.999.646.337.372.590;4.111.094.855.365.010;416784000
30/10/2023;41.141.929.626.464.800;4.174.664.887.563.720;40.462.244.361.806.700;4.106.796.641.155.250;388028000
31/10/2023;40.761.104.583.740.200;408.600.615.518.642;39.211.823.492.574.100;4.043.125.946.211.650;517969000
01/11/2023;42.305.397.033.691.400;42.361.370.852.066.200;4.085.007.013.008.410;4.086.506.257.244.450;437593000
02/11/2023;43.485.843.658.447.200;4.386.366.687.925.390;42.874.127.693.562.100;43.307.924.724.858.700;409172000
03/11/2023;4.498.414.993.286.130;4.528.800.612.867.790;4.370.274.239.785.860;4.399.960.568.025.810;424610000
06/11/2023;4.572.980.499.267.570;459.137.216.751.558;4.487.819.849.776.820;452.640.212.668.527;400733000
07/11/2023;45.933.712.005.615.200;4.619.658.683.928.950;45.137.080.351.571.400;4.569.782.127.762.110;343165000
08/11/2023;4.655.242.919.921.870;4.684.529.275.560.300;4.594.670.707.955.400;4.607.864.590.938.380;346719000
09/11/2023;4.692.824.935.913.080;48.207.655.129.484.800;46.728.341.254.280.500;4.744.500.813.069.140;540496000
10/11/2023;483.126.106.262.207;4.844.954.820.582.580;4.726.109.976.651.120;4.747.799.830.791.120;421245000
13/11/2023;4.859.747.314.453.120;490.932.455.425.318;4.807.671.461.686.150;4.829.761.289.799.240;384136000
14/11/2023;4.963.299.560.546.870;49.810.914.551.979.100;4.901.728.364.536.210;4.965.698.656.195.240;416954000
15/11/2023;48.865.352.630.615.200;4.993.685.461.268.080;4.817.767.162.806.220;4.991.186.848.194.010;475497000
16/11/2023;4.945.707.702.636.710;49.502.058.162.016.700;48.307.612.072.684.000;4.865.644.941.593.300;339756000
17/11/2023;4.927.516.555.786.130;4.969.397.019.639.200;4.898.429.998.268.990;49.501.058.800.683.600;325205000
20/11/2023;5.038.564.682.006.830;5.052.458.236.287.960;4.915.821.508.964.930;4.928.915.491.828.100;414120000
21/11/2023;49.920.860.290.527.300;504.935.928.571.012;4.919.919.468.409.950;5.010.277.517.356.440;565747000
22/11/2023;4.869.342.803.955.070;50.311.677.390.399.400;4.766.790.243.959.160;49.828.903.283.324.700;899420000
24/11/2023;47.753.868.103.027.300;48.898.338.123.964.700;4.772.288.042.046.280;48.447.546.842.242.400;294645000
27/11/2023;4.821.965.408.325.190;4.850.751.887.716.150;4.762.992.722.854.210;4.777.785.748.284.770;395662000
28/11/2023;4.779.884.338.378.900;4.830.061.351.892.130;4.745.100.504.136.800;4.821.365.202.685.110;401491000
29/11/2023;4.811.770.248.413.080;4.873.941.604.084.300;4.783.783.339.129.850;48.356.594.013.738.700;382005000
30/11/2023;4.674.833.297.729.490;4.808.771.233.820.330;46.400.494.624.850.400;4.800.174.983.128.790;526247000
01/12/2023;4.674.333.190.917.960;47.178.131.734.648.900;46.165.600.596.706.200;4.650.344.524.286.750;369317000
04/12/2023;45.488.914.489.746.000;4.605.565.315.263.870;44.989.146.129.304.000;4.605.565.315.263.870;437543000
05/12/2023;4.654.852.294.921.870;4.658.250.677.034.520;4.525.400.705.552.950;45.448.933.555.568.100;371718000
06/12/2023;4.548.591.995.239.250;4.736.921.552.517.790;4.539.495.450.352.070;4.719.727.919.635.040;380590000
07/12/2023;4.657.850.646.972.650;4.661.149.502.575.520;4.558.687.833.083.040;4.568.284.295.931.470;350823000
08/12/2023;4.748.816.680.908.200;4.772.307.920.041.650;4.653.252.440.936.200;4.657.750.949.930.050;359224000
11/12/2023;466.094.970.703.125;4.751.315.707.527.430;4.581.279.915.946.560;4.747.317.498.768.800;509728000
12/12/2023;4.763.911.056.518.550;4.764.810.605.776.610;46.028.715.290.198.600;46.028.715.290.198.600;372387000
13/12/2023;48.069.950.103.759.700;4.857.576.068.141.430;4.759.013.074.248.940;47.611.122.768.046.200;447792000
14/12/2023;4.833.184.814.453.120;4.865.172.771.318.970;4.740.419.892.072.770;4.837.183.404.392.980;391232000
15/12/2023;48.871.646.881.103.500;4.938.545.387.287.280;4.810.193.546.895.560;48.175.909.002.325.600;479948000
18/12/2023;50.058.197.021.484.300;5.041.406.234.581.480;4.913.154.694.733.780;4.938.145.307.868.080;412587000
19/12/2023;4.958.537.673.950.190;4.968.134.136.834.570;4.887.664.329.291.060;4.940.544.401.373.600;464444000
20/12/2023;4.809.293.746.948.240;4.998.022.913.479.950;4.807.994.186.204.980;4.963.635.651.535.790;397894000
21/12/2023;4.897.161.102.294.920;49.076.571.148.767;4.840.082.241.502.780;4.879.267.736.467.950;300425000
22/12/2023;4.881.167.221.069.330;4.936.446.221.767.300;4.844.880.569.619.550;4.917.653.306.295.300;252507000
26/12/2023;49.260.498.046.875;49.581.376.676.631.400;4.894.161.756.801.920;48.949.613.984.887.100;244200000
27/12/2023;493.984.489.440.918;49.661.350.703.421;49.066.572.842.938.100;4.949.241.542.635.840;233648000
28/12/2023;4.950.341.033.935.540;4.986.527.396.770.580;4.939.345.101.981.500;4.962.436.711.615.610;246587000
29/12/2023;4.950.341.033.935.540;49.978.234.327.074.200;48.732.699.840.316.700;4.979.430.147.307.110;389293000
02/01/2024;4.814.991.760.253.900;4.927.649.344.260.110;4.757.713.465.197.090;4.922.551.389.912.710;411254000
03/01/2024;47.551.143.646.240.200;4.816.591.065.021.640;47.302.236.567.517.300;4.746.717.554.449.250;320896000
04/01/2024;47.979.984.283.447.200;4.848.179.475.152.090;4.749.016.653.492.500;4.774.906.818.641.790;306535000
05/01/2024;4.907.856.369.018.550;4.952.839.547.317.930;4.828.786.035.280.190;484.438.038.170.967;415039000
08/01/2024;5.223.338.317.871.090;522.553.780.928.012;4.946.042.624.518.810;49.493.414.803.058.300;642510000
09/01/2024;53.120.052.337.646.400;54.304.608.899.415.300;51.670.595.858.503.600;5.238.133.132.087.110;773100000
10/01/2024;5.432.959.747.314.450;5.457.950.363.229.100;53.468.920.600.031.700;5.359.587.564.392.300;533796000
11/01/2024;5.480.141.830.444.330;5.532.522.366.817.500;53.539.894.837.912.600;54.978.353.810.668.700;596759000
12/01/2024;54.689.456.939.697.200;5.494.936.145.206.340;5.430.960.236.510.810;5.459.949.057.976.510;352994000
16/01/2024;56.360.836.029.052.700;56.813.665.103.138.200;54.879.393.878.712.900;5.499.734.961.591.670;449580000
17/01/2024;56.031.959.533.691.400;5.644.980.188.752.580;5.471.945.269.845.340;56.325.847.887.071.800;474394000
18/01/2024;5.708.556.365.966.790;5.757.837.864.545.500;5.608.593.900.392.550;5.723.850.610.997.200;491650000
19/01/2024;59.468.666.076.660.100;5.947.766.156.901.130;5.720.351.416.018.420;5.796.722.726.620.940;543501000
22/01/2024;5.963.160.705.566.400;603.083.548.831.195;5.904.782.663.734;600.264.592.424.289;452955000
23/01/2024;59.850.528.717.041.000;5.988.751.357.892.660;5.856.301.013.401.370;5.954.764.104.000.480;294654000
24/01/2024;61.338.966.369.628.900;6.282.540.771.389.360;5.991.550.110.281.900;6.028.136.484.798.450;560271000
25/01/2024;61.593.875.885.009.700;62.695.463.497.108.400;60.827.161.633.127.100;62.326.598.687.155.800;482777000
26/01/2024;6.100.809.097.290.030;61.759.811.433.716.800;60.550.266.507.965.100;6.093.711.847.607.480;390309000
29/01/2024;62.441.551.208.496.000;6.246.554.046.020.730;60.884.137.413.565.500;61.209.012.360.122.700;348733000
30/01/2024;6.275.043.487.548.820;6.346.916.675.485.240;6.223.662.787.593.770;62.876.390.843.205.500;410735000
31/01/2024;61.503.910.064.697.200;62.245.632.180.405.200;60.677.220.763.677.300;6.141.694.091.491.670;453795000
01/02/2024;6.300.334.167.480.460;63.167.281.577.618.900;61.626.859.664.228.700;6.207.668.769.492.240;369146000
02/02/2024;6.613.516.235.351.560;6.657.499.195.926.520;6.366.608.473.882.130;6.394.997.850.101.070;476578000
05/02/2024;6.930.597.686.767.570;6.947.091.584.987.560;6.717.977.633.836.100;6.819.939.012.424.170;680078000
06/02/2024;6.819.739.532.470.700;6.972.781.896.754.400;6.627.512.050.871.100;6.960.386.495.591.790;683111000
07/02/2024;7.007.268.524.169.920;7.019.364.201.712.640;6.757.462.276.790.360;6.829.335.463.883.880;495575000
08/02/2024;6.961.485.290.527.340;7.076.741.990.227.900;6.942.892.572.649.540;7.004.768.899.799.110;414422000
09/02/2024;721.059.341.430.664;7.215.790.895.507.460;7.018.564.978.274.980;7.050.652.846.806.680;436637000
12/02/2024;7.222.087.860.107.420;745.829.904.741.092;7.122.325.216.031.350;7.257.274.383.383.450;613710000
13/02/2024;7.210.093.688.964.840;7.342.243.948.960.910;6.959.388.225.066.050;7.037.358.838.482.480;602580000
14/02/2024;7.387.226.867.675.780;7.420.814.111.994.530;7.191.100.698.040.360;7.317.453.257.134.580;504917000
15/02/2024;7.263.072.204.589.840;739.472.289.995.395;7.237.282.328.939.960;7.384.127.361.084.660;420122000
16/02/2024;7.258.573.913.574.210;7.437.406.898.709.350;7.247.378.167.003.880;7.407.218.040.927.330;495327000
20/02/2024;6.942.593.383.789.060;7.192.899.173.506.720;6.770.857.639.129.630;7.191.999.242.878.620;704833000
21/02/2024;674.466.781.616.211;6.886.214.710.879.590;6.622.313.849.991.590;679.804.743.369.606;690298000
22/02/2024;785.085.220.336.914;785.455.030.813.757;741.921.420.425.949;7.499.684.018.330.670;865100000
23/02/2024;7.878.742.218.017.570;8.236.307.562.218.210;7.754.088.851.837.010;8.075.968.130.766.820;829388000
26/02/2024;7.906.231.689.453.120;8.061.573.447.856.020;7.847.553.160.288.040;7.967.008.277.283.830;503973000
27/02/2024;7.867.144.775.390.620;7.945.016.223.022.860;7.713.303.174.065.250;7.935.119.274.989.210;391705000
28/02/2024;7.763.385.009.765.620;7.890.337.002.935.250;7.709.605.003.023.240;7.759.086.697.046.700;393110000
29/02/2024;7.908.230.590.820.310;7.995.997.471.561.950;7.832.059.087.723.940;790.643.149.217.093;507289000
01/03/2024;8.224.810.791.015.620;8.226.910.374.751.210;7.940.517.391.258.760;7.996.996.422.541.920;479135000
04/03/2024;8.520.500.946.044.920;8.766.208.713.862.920;8.368.758.143.408.320;840.984.226.679.579;615616000
05/03/2024;8.593.576.049.804.680;8.606.872.004.565.460;8.338.960.003.379.120;8.524.198.821.051.220;520639000
06/03/2024;8.867.086.029.052.730;8.969.452.599.594.820;8.700.141.069.166.890;8.799.308.922.719.800;582520000
07/03/2024;9.263.855.743.408.200;927.365.248.144.859;8.957.256.358.530.060;9.012.838.069.813.150;608119000
08/03/2024;8.749.925.231.933.590;9.736.801.162.259.300;8.647.758.481.062.250;9.510.675.351.305.790;1142269000
11/03/2024;857.458.267.211.914;8.876.782.871.199.400;8.413.835.321.441.620;864.006.103.441.235;678364000
12/03/2024;918.828.125;9.192.979.413.377.260;8.612.170.491.240.780;8.802.008.324.614.340;668075000
13/03/2024;9.085.813.903.808.590;9.147.393.396.528.190;8.840.594.204.784.500;9.102.508.398.682.740;635713000
14/03/2024;8.791.510.772.705.070;9.061.622.350.841.210;8.657.154.750.613.060;8.954.757.446.626.060;602318000
15/03/2024;8.780.814.361.572.260;8.951.658.184.476.090;8.622.866.844.065.170;8.690.144.388.293.210;642086000
18/03/2024;8.842.594.146.728.510;9.237.464.071.222.250;8.705.638.881.145.380;9.035.830.507.117.400;668976000
19/03/2024;8.936.863.708.496.090;9.051.425.674.084.170;8.498.207.797.118.580;8.667.151.765.212.040;672171000
20/03/2024;9.034.231.567.382.810;9.038.030.520.484.310;8.819.401.951.660.320;8.976.749.997.737.910;479063000
21/03/2024;9.140.496.063.232.420;9.261.756.721.905.250;9.037.530.021.359.180;9.226.968.196.617.380;480372000
22/03/2024;9.425.801.849.365.230;9.474.685.622.390.660;9.080.415.196.173.680;9.111.105.028.962.560;586719000
25/03/2024;9.497.078.704.833.980;967.342.074.446.901;9.347.928.046.219.180;9.391.013.861.786.180;552136000
26/03/2024;9.253.058.624.267.570;9.634.333.614.885.400;9.247.160.751.849.900;958.195.062.336.972;513648000
27/03/2024;9.022.035.217.285.150;9.320.936.779.906.050;8.909.372.349.939.150;9.308.141.149.546.420;586067000
28/03/2024;9.032.632.446.289.060;9.127.001.464.058.520;8.916.370.444.852.700;8.997.043.858.800.300;435212000
01/04/2024;9.033.331.298.828.120;921.947.007.975.338;8.917.469.715.880.280;9.026.933.865.065.370;452441000
02/04/2024;8.942.261.505.126.950;9.006.440.242.112.460;8.759.121.620.163.440;8.841.893.947.358.700;433064000
03/04/2024;8.893.477.630.615.230;903.443.168.469.122;883.709.661.913.593;8.845.493.823.513.220;370067000
04/04/2024;8.587.677.764.892.570;9.060.422.800.372.170;8.585.178.433.643.760;9.037.629.845.117.090;434965000
05/04/2024;8.797.909.545.898.430;8.845.193.966.671.300;8.589.777.859.630.540;868.374.646.504.957;399678000
08/04/2024;8.710.437.774.658.200;8.880.081.883.400.370;8.670.350.850.941.020;8.867.085.666.122.200;283220000
09/04/2024;853.259.506.225.586;8.760.620.698.800.740;8.299.472.376.686.870;8.741.326.961.083.750;503547000
10/04/2024;8.701.040.649.414.060;873.712.879.556.285;8.368.149.867.040.670;8.389.843.024.698.810;431929000
11/04/2024;9.058.623.504.638.670;9.070.919.574.606.370;8.689.745.219.051.970;8.739.128.560.717.940;431637000
12/04/2024;8.815.703.582.763.670;901.453.886.602.286;8.750.125.303.417.150;8.966.953.943.111.250;426805000
15/04/2024;8.597.274.017.333.980;9.058.322.421.693.440;8.590.076.523.534.200;8.906.872.264.461.600;443077000
16/04/2024;8.738.628.387.451.170;8.808.904.823.109.180;8.603.572.977.127.550;8.640.460.421.758.170;370453000
17/04/2024;8.400.740.051.269.530;8.874.584.141.967.830;8.392.242.172.115.710;8.831.097.911.873.320;495400000
18/04/2024;8.464.318.084.716.790;8.616.168.663.370.670;8.237.492.908.333.080;8.494.208.621.726.140;447260000
19/04/2024;7.617.496.490.478.510;8.429.629.668.319.680;7.558.116.589.392.040;8.312.268.637.450.080;875198000
22/04/2024;7.949.188.232.421.870;8.004.670.035.538.000;763.749.101.252.901;7.807.834.524.781.050;596341000
23/04/2024;8.239.591.979.980.460;827.418.068.067.518;8.023.763.246.823.710;8.074.246.382.535.900;438559000
24/04/2024;7.965.082.550.048.820;8.405.437.709.629.320;791.569.845.005.292;8.392.241.667.959.370;512208000
25/04/2024;8.260.486.602.783.200;8.329.563.335.625.150;7.819.730.980.842.560;7.884.209.462.361.730;424641000
26/04/2024;8.770.618.438.720.700;8.830.198.930.446.800;833.596.128.981.717;8.379.047.109.382.070;551011000
29/04/2024;8.772.816.467.285.150;8.796.308.042.933.130;8.523.797.833.453.730;8.756.621.534.740.450;388971000
30/04/2024;8.637.362.670.898.430;887.898.328.026.838;8.627.166.282.860.940;8.721.134.895.392.600;363709000
01/05/2024;8.301.371.765.136.710;859.717.451.202.874;8.122.830.132.116.860;8.504.905.184.528.750;559863000
02/05/2024;8.578.881.072.998.040;8.620.867.093.085.920;8.317.266.601.309.360;8.442.125.626.969.040;377898000
03/05/2024;8.875.983.428.955.070;8.925.166.943.381.490;8.701.140.828.668.450;8.776.016.278.941.910;398341000
06/05/2024;9.210.972.595.214.840;9.218.970.149.787.150;8.902.574.047.227.300;8.936.062.948.973.980;376203000
07/05/2024;9.052.424.621.582.030;9.175.084.041.902.220;8.898.175.395.384.370;9.106.806.618.454.970;437342000
08/05/2024;903.823.013.305.664;9.116.404.211.729.390;8.939.062.281.924.460;8.945.360.566.200.050;325721000
09/05/2024;8.871.784.973.144.530;9.104.208.295.679.370;8.820.202.038.816.470;904.992.620.554.592;378013000
10/05/2024;8.984.848.022.460.930;9.137.098.265.790.200;8.919.769.305.265.020;9.027.534.193.987.520;335325000
13/05/2024;9.036.930.847.167.960;9.096.811.074.029.570;8.849.991.996.993.280;9.044.827.727.503.770;289680000
14/05/2024;9.132.599.639.892.570;9.162.089.767.401.240;8.890.478.722.070.210;8.956.956.971.282.390;296507000
15/05/2024;9.459.890.747.070.310;9.483.083.350.687.550;915.689.050.462.718;9.244.161.932.872.310;417735000
16/05/2024;943.280.029.296.875;9.578.752.238.437.560;9.407.208.269.713.680;9.487.882.442.022.660;323952000
17/05/2024;9.244.861.602.783.200;9.470.887.485.375.150;9.177.584.059.273.350;9.433.800.216.120.140;359691000
20/05/2024;9.474.887.084.960.930;9.516.873.108.150.420;9.340.931.459.730.980;9.371.921.034.558.140;318764000
21/05/2024;9.535.466.766.357.420;9.536.866.300.361.460;9.314.939.104.451.070;9.356.825.212.335.470;328946000
22/05/2024;949.188.003.540.039;959.884.484.917.203;9.321.836.283.128.830;9.542.763.580.257.590;548648000
23/05/2024;1.037.649.154.663.080;10.628.508.365.177.800;10.148.665.694.608.500;10.199.449.335.003.300;835065000
24/05/2024;10.643.402.862.548.800;10.644.002.335.978.000;10.296.616.635.990.900;10.441.468.788.795.400;429494000
28/05/2024;11.386.357.879.638.600;11.490.123.977.492.700;10.984.690.116.806.700;11.020.778.262.251.300;652728000
29/05/2024;11.478.727.722.167.900;11.545.405.793.078.900;11.086.457.027.293.900;11.301.286.640.628.500;557442000
30/05/2024;11.046.369.934.082.000;11.578.095.222.554.800;10.962.697.631.949.200;114.612.337.538.274;487350000
31/05/2024;10.959.698.486.328.100;11.267.997.129.263.800;106.904.868.817.121;1.124.830.297.906.590;613263000
03/06/2024;11.496.221.923.828.100;11.496.221.923.828.100;11.196.620.219.037.600;11.358.367.447.543.700;438392000
04/06/2024;11.639.874.267.578.100;11.656.169.113.785.600;11.400.753.024.311.900;11.567.798.650.620.100;403324000
05/06/2024;1.223.997.802.734.370;12.240.877.237.466.700;11.742.941.347.887.500;11.833.211.671.671.900;528402000
06/06/2024;12.095.825.958.251.900;12.554.574.922.421.700;1.182.811.377.621.330;12.400.725.324.087.700;664696000
07/06/2024;1.208.482.894.897.460;12.165.202.623.467.700;11.798.323.363.858.700;1.197.306.529.022.310;412386000
10/06/2024;12.174.999.237.060.500;12.305.955.958.930.400;1.169.715.638.416.940;12.033.046.067.723.300;314162700
11/06/2024;12.088.021.850.585.900;12.283.973.476.114.300;11.871.074.727.008.500;1.217.399.996.348.220;222551200
12/06/2024;12.516.915.130.615.200;12.684.873.770.805.800;12.253.980.200.765.400;12.302.967.915.018.400;299595000
13/06/2024;1.295.780.792.236.320;1.297.680.348.697.190;12.712.868.568.021.800;12.935.813.218.658.800;260704500
14/06/2024;13.184.750.366.210.900;1.328.072.585.317.080;12.828.838.344.854.100;12.992.797.866.788.200;309320400
17/06/2024;13.094.773.864.746.000;13.369.706.139.159.600;12.954.808.953.427.700;1.329.572.533.982.120;288504400
18/06/2024;13.554.660.034.179.600;13.629.641.557.179.600;1.306.578.056.523.980;13.110.769.173.939.200;294335100
20/06/2024;13.074.777.221.679.600;14.072.530.869.246.900;1.294.880.881.954.480;139.765.553.796.689;517768400
21/06/2024;12.653.881.072.998.000;1.305.978.154.647.850;12.426.937.345.205.300;12.708.867.825.178.700;655484700
24/06/2024;11.808.089.447.021.400;12.442.932.809.847.600;1.180.109.120.255.880;1.232.096.275.256.970;476060900
25/06/2024;12.605.892.944.335.900;12.646.883.208.603.100;11.929.060.083.723.300;12.117.013.488.438.500;425787500
26/06/2024;12.636.885.070.800.700;1.280.884.204.131.890;12.256.978.415.309.700;12.609.891.297.711.100;362975900
27/06/2024;12.395.944.213.867.100;12.637.885.155.800.300;12.288.970.613.137.900;12.406.941.564.080.100;252571700
28/06/2024;12.350.955.963.134.700;12.767.853.027.804.600;12.271.975.337.861.900;12.454.930.428.199.500;315516700
01/07/2024;12.426.937.866.210.900;12.480.923.890.749.800;1.188.007.251.119.180;1.234.395.813.225.980;284885500
02/07/2024;1.226.397.705.078.120;12.337.959.365.292.300;12.100.017.523.772.500;12.110.014.907.077.600;218374000
03/07/2024;12.824.839.782.714.800;12.824.839.782.714.800;12.133.010.435.521.800;12.163.003.350.315.400;215749000
05/07/2024;12.579.900.360.107.400;12.881.826.389.526.500;12.564.903.902.808.100;12.734.861.718.195.300;214176700
08/07/2024;12.816.839.599.609.300;13.073.776.982.046.500;1.270.086.858.992.600;1.274.585.719.244.730;237677300
09/07/2024;13.134.764.099.121.000;13.378.704.236.722.200;12.861.830.251.041.100;1.303.178.959.397.840;285366600
10/07/2024;13.487.677.001.953.100;1.350.667.256.558.590;13.238.737.791.270.100;13.399.698.191.654.900;248978600
11/07/2024;12.736.860.656.738.200;13.611.644.269.274.400;12.701.869.434.277.000;1.357.165.473.660.530;374782700
12/07/2024;12.920.816.040.039.000;13.188.749.271.860.600;12.718.865.386.253.700;12.822.839.089.146.400;252680500
15/07/2024;12.840.835.571.289.000;13.135.762.580.228.200;12.714.866.403.247.400;13.052.782.847.793.900;208326200
16/07/2024;12.632.887.268.066.400;1.290.082.051.584.140;12.454.931.239.200.100;12.840.836.211.736.500;214769500
17/07/2024;11.796.092.224.121.000;12.181.997.165.296.200;1.166.912.385.563.920;12.132.009.486.519.600;390086200
18/07/2024;1.210.601.577.758.780;12.236.984.015.709.300;11.653.127.526.261.200;12.181.997.263.511.200;320979500
19/07/2024;11.790.093.994.140.600;12.157.003.374.775.000;117.341.080.377.663;12.032.034.177.331.300;217223800
22/07/2024;12.350.955.963.134.700;12.403.942.781.453.500;1.198.304.661.088.670;1.203.203.432.330.860;258068900
23/07/2024;1.225.597.915.649.410;12.465.928.025.097.200;12.206.991.443.104.100;12.274.974.719.191.900;173911000
24/07/2024;11.422.184.753.417.900;11.992.043.994.002.100;11.341.204.956.795.800;1.191.406.333.610.650;327776900
25/07/2024;11.225.233.459.472.600;11.660.126.129.148.700;10.627.381.225.253.900;11.301.214.947.730.900;460067000
26/07/2024;11.303.214.263.916.000;11.617.136.841.805.400;11.155.251.154.245.900;11.616.137.637.359.300;293399100
29/07/2024;1.115.625;11.625.134.680.115.100;11.127.257.816.967.500;11.366.198.865.142.000;248152100
30/07/2024;1.037.044.448.852.530;11.196.240.417.731.200;10.251.473.565.355.200;11.149.251.876.218.600;486833300
31/07/2024;11.699.115.753.173.800;11.831.083.191.790.300;11.085.267.132.044.400;11.287.217.777.091.000;473174200
01/08/2024;10.918.309.783.935.500;12.013.040.514.788.000;10.678.368.749.587.600;11.750.104.810.323.800;523462300
02/08/2024;10.724.356.842.041.000;10.869.321.575.888.300;1.013.450.281.116.690;10.373.443.867.463.700;482027500
05/08/2024;10.042.524.719.238.200;10.338.452.459.369.900;9.066.765.743.904.180;920.373.150.047.539;552842400
06/08/2024;10.422.430.419.921.800;10.768.345.045.446.100;1.005.252.192.354.790;10.381.440.159.583.700;409012100
07/08/2024;9.888.563.537.597.650;10.877.319.818.362.000;986.656.883.565.928;10.778.343.659.639.300;411440400
08/08/2024;10.494.413.757.324.200;10.547.400.576.569.100;9.749.596.860.854;10.197.486.813.365.400;391910000
09/08/2024;10.472.418.975.830.000;10.657.373.239.559.300;10.340.451.530.940.600;1.056.139.698.534.440;290844200
12/08/2024;10.899.313.354.492.100;11.104.263.146.519.100;10.623.381.911.518.700;10.629.380.189.006.800;325559900
13/08/2024;11.611.138.153.076.100;11.620.136.332.032.300;11.155.250.759.337.800;11.241.229.629.244.800;312646700
14/08/2024;11.805.091.094.970.700;11.857.077.948.335.200;11.404.189.674.110.600;1.185.007.970.340.630;339246400
15/08/2024;12.282.972.717.285.100;1.232.096.307.926.780;11.744.105.591.122.500;11.873.073.896.282.700;318086700
16/08/2024;12.454.930.877.685.500;12.496.920.346.991.000;12.115.014.491.697.000;12.190.995.980.977.200;302589900
19/08/2024;12.996.795.654.296.800;12.996.795.654.296.800;12.338.957.660.426.700;12.424.936.523.467.500;318333600
20/08/2024;1.272.186.508.178.710;1.298.480.077.753.230;12.585.898.525.590.300;12.836.836.140.301.400;300087400
21/08/2024;12.846.835.327.148.400;12.931.815.003.716.000;12.662.881.008.429.000;1.272.886.435.744.740;257883600
22/08/2024;12.370.950.317.382.800;13.071.777.775.352.600;12.306.966.150.668.800;12.998.796.192.734.200;376189100
23/08/2024;12.933.811.950.683.500;12.956.807.382.051.300;12.518.914.813.175.000;12.582.898.983.127.000;323230300
26/08/2024;12.642.884.063.720.700;13.122.765.338.990.900;12.433.935.925.298.600;12.953.808.260.280.700;331964700
27/08/2024;12.826.840.209.960.900;1.291.681.743.229.570;12.384.948.497.148.300;12.501.920.259.136.300;303134600
28/08/2024;12.557.905.578.613.200;12.829.838.691.719.900;12.260.978.624.415.900;1.280.884.319.398.240;448101100
29/08/2024;11.756.102.752.685.500;1.243.993.464.291.810;1.166.812.470.646.180;12.133.010.304.223.800;453023300
30/08/2024;11.934.059.143.066.400;12.172.000.228.172.300;11.719.111.963.899.500;11.950.054.804.230.300;333751600
03/09/2024;107.973.388.671.875;11.618.136.480.283.300;10.726.356.453.201.900;1.159.814.171.340.760;477155100
04/09/2024;10.618.383.026.123.000;11.324.208.832.420.400;10.409.434.887.245.200;10.538.403.194.779.200;372470300
05/09/2024;10.718.358.612.060.500;1.096.229.874.268.850;10.473.419.276.980.200;10.496.413.183.407.300;306850700
06/09/2024;1.028.046.646.118.160;10.812.335.346.353.800;10.092.512.296.050.200;10.801.337.995.723.700;413638100
09/09/2024;10.644.377.136.230.400;10.652.375.348.417.600;10.366.445.746.112.800;10.485.415.910.703.600;273912000
10/09/2024;1.080.733.642.578.120;10.937.304.700.834.000;10.492.413.884.500.600;10.778.343.479.415.500;268283700
11/09/2024;1.168.812.026.977.530;11.716.113.249.890.800;10.739.353.508.245.600;10.936.305.099.024.200;441422400
12/09/2024;11.912.083.435.058.500;12.077.057.045.474.300;1.153.614.370.539.400;11.682.120.128.077.000;367100500
13/09/2024;1.190.808.334.350.580;11.994.069.565.795.800;11.758.107.480.834.900;11.906.084.000.976.200;238358300
16/09/2024;1.167.612.075.805.660;11.816.098.383.065.100;11.434.159.881.620.200;11.677.120.810.734.200;248772300
17/09/2024;11.557.140.350.341.700;1.187.808.938.826.070;11.481.153.124.290.500;11.815.099.033.708.000;231925900
18/09/2024;11.335.176.086.425.700;11.768.105.834.506.700;11.320.178.347.448.200;11.587.135.202.544.000;310318900
19/09/2024;11.785.103.607.177.700;11.964.074.895.502.700;1.172.311.330.909.550;1.173.311.154.741.420;293506400
20/09/2024;11.598.133.850.097.600;1.186.009.197.546.380;11.537.143.602.446.800;117.041.165.532.472;382462400
23/09/2024;11.624.130.249.023.400;11.697.118.080.282.900;11.484.152.614.526.400;1.165.312.567.610.480;206228500
24/09/2024;12.085.055.541.992.100;12.178.040.609.310.100;11.536.143.323.881.000;1.165.012.492.087.510;354966800
25/09/2024;1.234.901.351.928.710;12.491.990.547.833.500;1.215.904.392.877.680;12.200.036.937.142.700;284692900
26/09/2024;12.402.005.004.882.800;12.764.946.344.549.900;12.178.041.247.124.400;12.677.960.826.024.100;302582900
27/09/2024;12.138.047.790.527.300;12.401.005.220.096.500;11.924.082.267.160.200;1.239.500.642.912.140;271009200
30/09/2024;12.142.046.356.201.100;12.148.045.146.740.100;11.813.099.198.549.700;11.829.096.227.592.700;226553700
01/10/2024;1.169.811.782.836.910;12.242.030.559.533.100;11.577.137.385.100.900;12.175.040.758.040.200;302094500
02/10/2024;11.883.087.921.142.500;119.360.792.730.428;11.512.147.695.024.300;11.642.127.087.200.300;221845900
03/10/2024;12.283.023.834.228.500;12.433.999.759.824.100;12.032.063.993.396.400;12.090.054.847.309.500;277118000
04/10/2024;12.489.990.234.375;12.501.988.578.554.200;121.810.403.092.212;12.491.990.339.813.200;243678100
07/10/2024;12.769.945.526.123.000;13.061.898.369.823.500;12.492.989.659.161.100;12.496.989.107.230.300;346250200
08/10/2024;13.286.862.182.617.100;13.345.852.325.335.200;12.939.917.881.279.500;13.023.904.002.332.400;285722500
09/10/2024;132.628.662.109.375;1.344.983.717.641.670;1.313.588.773.259.060;13.408.843.403.580.200;246191600
10/10/2024;13.478.831.481.933.500;13.497.828.670.089.100;13.097.893.005.790.200;13.188.878.735.570.200;242311300
11/10/2024;1.347.783.203.125;13.575.815.840.657.200;13.363.850.429.309.600;13.398.843.884.138.300;170209500
14/10/2024;1.380.478.057.861.320;13.957.755.854.294.500;13.627.808.612.883.200;13.644.805.696.221.800;232347700
15/10/2024;13.157.884.216.308.500;138.547.722.466.739;12.871.930.149.862.900;13.784.782.283.581.600;377831000
16/10/2024;1.356.981.658.935.540;1.365.980.149.944.230;13.155.883.256.815.800;1.339.584.403.413.630;264879700
17/10/2024;13.690.797.424.316.400;1.408.673.441.853.540;1.368.479.863.322.170;13.931.759.037.510.400;306435900
18/10/2024;13.797.779.846.191.400;13.887.764.756.674.000;13.725.791.307.551.900;13.864.768.884.107.700;176090200
21/10/2024;1.436.868.896.484.370;1.436.868.896.484.370;13.797.780.144.123.400;1.381.077.854.115.750;264554500
22/10/2024;14.356.690.979.003.900;14.439.677.817.254.200;1.417.572.032.447.210;14.288.702.644.418.200;226311600
23/10/2024;1.395.375.518.798.820;1.424.070.854.107.310;13.743.789.878.035.900;14.200.715.584.596.500;285930000
24/10/2024;14.038.742.065.429.600;1.413.272.719.093.060;1.384.377.373.361.030;14.079.735.837.298.500;172354900
25/10/2024;14.151.722.717.285.100;1.441.068.221.770.470;14.077.735.596.279.600;14.090.732.467.853.500;205122100
28/10/2024;1.404.973.907.470.700;14.311.696.423.513.500;14.002.746.516.246.300;142.976.987.375.231;173586700
29/10/2024;14.122.727.966.308.500;14.223.711.171.034.300;13.887.765.156.261.700;14.026.742.736.816.300;157593600
30/10/2024;1.393.175.811.767.570;14.030.742.741.103.500;13.678.798.938.993.800;13.951.754.595.215.700;179418100
31/10/2024;1.327.386.474.609.370;1.375.878.737.112.800;13.208.875.807.974.400;13.757.788.081.150.400;270039600
01/11/2024;1.353.782.196.044.920;1.372.879.161.101.810;1.345.483.665.061.610;13.467.833.522.595.900;207127800
04/11/2024;1.360.281.219.482.420;1.389.376.575.905.790;13.554.820.341.905.600;13.718.793.904.541.400;187528200
05/11/2024;1.398.874.969.482.420;1.403.474.144.064.950;13.730.791.015.086.200;1.374.278.859.649.570;160537400
06/11/2024;14.558.656.311.035.100;14.646.642.634.688.700;14.193.715.671.974.900;14.293.699.575.896.400;242043900
07/11/2024;14.885.606.384.277.300;1.489.060.435.973.230;14.614.649.291.865.000;1.463.664.587.614.790;207323300
08/11/2024;1.476.062.469.482.420;14.974.590.195.013.800;146.236.457.046.531;1.487.460.628.790.400;175665800
11/11/2024;14.523.663.330.078.100;14.882.606.753.959.300;14.354.691.790.764.700;14.865.608.145.399.600;182325600
12/11/2024;14.826.612.854.003.900;14.962.591.028.148.000;14.598.649.668.767.200;1.467.563.770.410.730;198634700
13/11/2024;1.462.464.599.609.370;14.930.596.496.785.500;14.587.650.914.358.000;14.904.601.231.096.400;191903300
14/11/2024;1.467.363.739.013.670;14.897.601.887.199.100;14.552.657.719.098.600;1.476.162.371.498.860;194463300
15/11/2024;1.419.571.533.203.120;1.452.166.386.002.850;14.005.746.510.375.200;1.448.466.877.533.120;250132900
18/11/2024;14.012.744.140.625;14.152.722.527.651.300;1.371.279.241.566.860;13.947.755.210.471.100;221866000
19/11/2024;14.698.634.338.378.900;14.710.633.445.236.900;14.096.732.287.230.200;1.412.972.716.123.140;227834900
20/11/2024;1.458.665.313.720.700;14.753.626.090.336.700;14.270.703.603.144.800;14.738.629.113.505.700;309871700
21/11/2024;1.466.464.080.810.540;1.528.654.088.901.030;14.067.736.706.254.100;14.932.598.496.889.700;400946600
22/11/2024;14.192.715.454.101.500;14.713.632.286.743.900;14.107.730.047.570.000;14.590.650.981.286.500;236406200
25/11/2024;1.359.981.231.689.450;14.202.715.192.160.300;13.579.815.839.357.300;1.419.671.640.146.250;344941900
26/11/2024;13.689.797.973.632.800;139.277.601.884.859;13.564.818.075.181.900;1.376.778.530.821.540;190287700
27/11/2024;13.531.822.204.589.800;13.719.792.446.250.400;13.177.879.829.463.700;13.498.827.330.747.200;226370900
29/11/2024;13.822.776.794.433.500;13.932.759.715.528.700;13.602.812.477.876.700;13.675.800.311.530.700;141863200
02/12/2024;13.860.769.653.320.300;14.042.739.572.538.800;1.377.978.293.194.700;1.388.076.612.979.230;171682800
03/12/2024;14.023.744.201.660.100;14.051.739.577.472.300;13.792.781.588.392.600;13.823.776.359.782.300;164414000
04/12/2024;1.451.166.534.423.820;14.576.654.278.655.000;14.026.742.746.830.900;14.197.715.912.549.400;231224300
05/12/2024;14.504.666.137.695.300;14.652.652.104.015.800;14.393.676.281.520.200;1.450.966.598.316.490;172621200
06/12/2024;14.242.689.514.160.100;14.568.658.966.441.100;14.129.699.424.160.600;14.458.670.004.061.700;188505600
09/12/2024;13.879.722.595.214.800;13.993.712.045.292.800;1.371.173.878.488.450;1.389.572.148.926.680;189308600
10/12/2024;13.505.758.666.992.100;14.180.696.595.909.000;13.377.769.033.829.100;13.899.721.154.250.600;210020900
11/12/2024;13.929.718.017.578.100;14.015.710.166.074.800;13.519.756.655.561.200;1.373.473.626.393.380;184905200
12/12/2024;13.732.736.206.054.600;13.842.726.697.152.800;1.357.875.104.425.570;1.370.673.914.713.080;159211400
13/12/2024;13.423.765.563.964.800;13.958.716.980.719.900;13.252.780.616.182.600;13.892.722.683.278.500;231514900
16/12/2024;13.198.785.400.390.600;13.438.762.706.465.900;13.040.799.755.691.200;13.416.764.608.739.500;237951100
17/12/2024;1.303.780.059.814.450;13.157.789.255.271.600;12.684.833.189.511.900;12.907.812.250.532.400;259410300
18/12/2024;1.288.981.475.830.070;13.668.742.440.979.700;1.282.682.006.428.490;13.384.768.927.135.000;277444500
19/12/2024;13.066.796.875;13.401.766.661.792.400;1.295.380.830.968.370;1.317.478.712.095.930;209719200
20/12/2024;13.468.760.681.152.300;13.526.755.529.215.300;12.820.820.713.472.500;1.297.980.572.196.650;306528600
23/12/2024;1.396.571.502.685.540;13.977.713.434.768.500;1.351.075.657.604.120;1.362.674.627.166.310;176053500
24/12/2024;1.402.071.075.439.450;14.188.694.573.903.600;1.386.372.445.869.120;13.998.712.655.305.600;105157000
26/12/2024;13.991.712.951.660.100;1.408.370.583.714.790;1.377.173.348.045.660;13.968.715.493.157.500;116205600
27/12/2024;1.369.973.907.470.700;13.900.721.560.881.000;13.469.761.453.351.000;13.853.725.762.424.100;170582600
30/12/2024;13.747.735.595.703.100;1.402.570.989.672.270;13.400.767.398.793.900;13.481.759.702.407.300;167734700
31/12/2024;13.427.764.892.578.100;13.805.731.549.303.700;1.338.176.997.545.700;1.380.173.106.258.270;155659200
02/01/2025;13.829.727.172.851.500;1.388.672.266.066.600;13.461.761.764.692.300;13.598.748.671.158.100;198247200
03/01/2025;1.444.567.108.154.290;14.488.666.393.436.900;13.971.714.137.538.000;13.999.711.439.640.700;229322500
06/01/2025;14.941.624.450.683.500;15.214.600.432.101.500;14.780.640.728.049.300;14.857.632.545.203.500;265377400
07/01/2025;14.012.710.571.289.000;1.531.159.160.516.900;13.999.711.279.126.600;1.530.159.191.493.040;351782200
08/01/2025;1.400.971.221.923.820;1.439.367.655.713.290;1.375.473.535.279.270;1.425.668.963.792.690;227349900
10/01/2025;1.358.975.067.138.670;13.990.713.250.101.700;13.420.765.966.847.600;13.743.735.839.735.200;207602500
13/01/2025;13.321.774.291.992.100;13.347.772.877.314.100;12.949.808.381.781.600;12.997.805.065.881.300;204808900
14/01/2025;1.317.478.790.283.200;1.363.674.645.891.870;13.003.804.480.886.400;1.360.374.931.021.690;195590500
15/01/2025;13.622.747.802.734.300;13.643.745.017.340.300;131.277.920.981.104;13.363.770.458.598.100;185217300
16/01/2025;13.355.772.399.902.300;13.873.724.031.386.200;13.347.772.952.507.300;1.386.272.498.193.540;209235600
17/01/2025;1.376.973.419.189.450;13.848.726.255.165.800;13.544.754.884.500.100;13.667.743.145.335.600;201188800
21/01/2025;14.081.704.711.914.000;1.418.169.551.308.440;13.707.738.566.270.900;13.914.720.257.048.100;197749000
22/01/2025;14.705.648.803.710.900;14.777.640.781.491.700;14.365.679.142.482.600;14.464.670.591.256.500;237651400
23/01/2025;1.472.064.666.748.040;1.472.164.602.628.040;143.706.788.444.335;14.503.666.800.279.900;155915500
24/01/2025;14.260.687.255.859.300;14.895.629.439.391.400;14.186.695.041.120.100;14.835.634.349.735.000;234657600
27/01/2025;11.840.910.339.355.400;1.283.881.809.500.620;11.668.926.041.493.200;12.478.852.130.861.400;818830900
28/01/2025;1.289.781.494.140.620;1.289.881.430.022.560;11.623.931.491.482.300;12.179.880.142.784.700;579666400
29/01/2025;1.236.886.215.209.960;12.687.833.061.040.800;12.003.896.327.722.800;12.648.836.708.502.700;467120600
30/01/2025;12.463.853.454.589.800;1.249.885.008.224.620;11.808.913.405.132.400;12.308.867.408.422.200;392925500
31/01/2025;1.200.589.599.609.370;12.783.824.341.487.000;1.191.790.436.181.170;12.376.861.793.270.300;390372900
03/02/2025;11.664.927.673.339.800;11.855.909.714.130.000;11.299.961.082.645.400;1.147.394.486.968.030;371235700
04/02/2025;11.863.909.149.169.900;1.211.888.524.384.040;11.668.926.621.972.000;11.694.924.444.838.900;256550000
05/02/2025;12.481.851.959.228.500;12.498.850.212.428.700;12.074.889.426.826.600;12.174.880.228.526.000;262230800
06/02/2025;12.866.815.185.546.800;1.287.581.551.695;12.519.847.756.454.000;12.740.827.329.026.600;251483600
07/02/2025;1.298.280.487.060.540;13.035.799.871.586.200;1.249.884.977.355.080;12.920.811.063.964.900;228186300
10/02/2025;13.355.772.399.902.300;13.498.758.517.024.400;12.994.805.537.047.100;1.300.780.330.404.280;216989100
11/02/2025;1.327.877.960.205.070;1.344.676.342.706.660;1.310.079.608.594.350;13.256.781.502.240.700;178902400
12/02/2025;13.112.794.494.628.900;13.222.784.993.678.500;1.290.681.367.435.280;13.000.805.277.951.900;160278600
13/02/2025;13.527.755.737.304.600;136.487.452.862.588;13.115.794.096.754.300;13.154.790.450.828.300;197430000
14/02/2025;1.388.372.344.970.700;13.923.719.160.158.900;1.354.875.365.315.280;13.646.744.211.776.900;195479600
18/02/2025;13.938.717.651.367.100;1.434.268.135.927.510;13.791.731.045.487.100;14.125.701.494.818.500;219176600
19/02/2025;13.921.719.360.351.500;14.134.700.263.351.200;1.372.073.839.146.050;13.949.716.663.707.300;167536000
20/02/2025;1.400.971.221.923.820;1.406.470.746.897.960;1.367.774.200.315.480;14.001.712.771.481.400;143903600
21/02/2025;13.441.763.305.664.000;1.414.470.007.486.660;13.401.767.593.596.800;14.002.711.787.829.300;228217600
24/02/2025;1.302.680.206.298.820;13.857.725.415.414.000;13.006.804.206.967.600;1.365.474.420.161.460;251381100
25/02/2025;12.661.835.479.736.300;13.018.802.626.376.200;12.442.856.133.510.200;12.996.804.527.013.500;271428700
26/02/2025;13.126.792.907.714.800;13.371.770.077.604.700;128.478.192.299.153;12.997.805.439.122.000;322553800
27/02/2025;12.013.895.416.259.700;13.499.758.082.030.200;11.999.896.764.539.200;1.349.875.872.324.250;443175800
28/02/2025;12.490.850.830.078.100;12.507.849.083.366.600;11.638.929.530.836.800;11.800.914.142.194.800;389091100
03/03/2025;11.404.950.714.111.300;12.368.861.991.301.400;11.226.967.207.329.000;12.349.864.257.535.700;411381400
04/03/2025;11.597.933.197.021.400;11.929.902.637.351.300;11.009.987.541.363.200;11.063.982.667.322.000;398163300
05/03/2025;11.728.921.508.789.000;11.826.912.068.620.300;11.449.947.076.595.400;11.756.918.811.598.000;284337900
06/03/2025;11.055.982.971.191.400;1.153.393.888.375.430;110.209.863.429.875;11.351.955.654.224.700;321181900
07/03/2025;11.267.964.172.363.200;11.346.957.000.648.300;1.075.501.084.934.210;1.112.397.716.760.370;341755500
10/03/2025;10.697.016.143.798.800;11.183.970.852.661.200;10.545.029.700.249.100;10.988.989.097.369.000;366487400
11/03/2025;108.75;11.222.967.568.900.700;10.476.036.144.852.100;10.698.015.850.635.000;354865700
12/03/2025;11.573.999.786.376.900;11.676.000.213.623.000;11.287.999.725.341.700;11.412.000.274.658.200;323857500
13/03/2025;11.558.000.183.105.400;11.776.000.213.623.000;11.379.000.091.552.700;11.702.999.877.929.600;299033100
14/03/2025;12.166.999.816.894.500;12.187.999.725.341.700;1.181.500.015.258.780;11.861.000.061.035.100;277593500
17/03/2025;11.952.999.877.929.600;12.288.999.938.964.800;11.802.999.877.929.600;12.273.999.786.376.900;255501500
18/03/2025;11.543.000.030.517.500;1.190.199.966.430.660;11.454.000.091.552.700;118.0;299686900
19/03/2025;1.175.199.966.430.660;12.044.999.694.824.200;11.568.000.030.517.500;1.172.699.966.430.660;273426200
20/03/2025;11.852.999.877.929.600;12.019.999.694.824.200;11.647.000.122.070.300;11.655.000.305.175.700;248829700
21/03/2025;11.769.999.694.824.200;11.798.999.786.376.900;11.541.999.816.894.500;11.694.000.244.140.600;266498500
24/03/2025;12.141.000.366.210.900;12.222.000.122.070.300;11.933.999.633.789.000;11.987.999.725.341.700;228452500
25/03/2025;12.069.000.244.140.600;12.129.000.091.552.700;11.891.999.816.894.500;12.055.000.305.175.700;167447200
26/03/2025;11.376.000.213.623.000;11.883.999.633.789.000;11.270.999.908.447.200;1.187.300.033.569.330;293463300
27/03/2025;11.143.000.030.517.500;11.444.999.694.824.200;11.066.000.366.210.900;1.113.499.984.741.210;236902100
28/03/2025;10.966.999.816.894.500;11.287.000.274.658.200;10.906.999.969.482.400;11.148.999.786.376.900;229872500
31/03/2025;10.837.999.725.341.700;11.095.999.908.447.200;1.036.500.015.258.780;10.512.999.725.341.700;299212700
01/04/2025;1.101.500.015.258.780;11.019.999.694.824.200;10.647.000.122.070.300;1.085.199.966.430.660;222614000
02/04/2025;11.041.999.816.894.500;1.119.800.033.569.330;10.679.000.091.552.700;10.729.000.091.552.700;220601200
03/04/2025;10.180.000.305.175.700;10.562.999.725.341.700;1.015.999.984.741.210;10.351.000.213.623.000;338769400
04/04/2025;9.430.999.755.859.370;10.012.999.725.341.700;9.211.000.061.035.150;9.891.000.366.210.930;532273800
07/04/2025;9.763.999.938.964.840;101.75;8.662.000.274.658.200;8.745.999.908.447.260;611041300
08/04/2025;9.630.000.305.175.780;1.058.499.984.741.210;9.445.999.908.447.260;10.380.999.755.859.300;476243400
09/04/2025;11.433.000.183.105.400;1.150.999.984.741.210;9.752.999.877.929.680;9.888.999.938.964.840;612918300
10/04/2025;10.756.999.969.482.400;11.086.000.061.035.100;991.500.015.258.789;10.937.000.274.658.200;437812400
11/04/2025;11.093.000.030.517.500;11.155.000.305.175.700;1.074.800.033.569.330;108.5;313417300
14/04/2025;11.070.999.908.447.200;11.429.000.091.552.700;10.906.999.969.482.400;11.411.000.061.035.100;264705000
15/04/2025;11.219.999.694.824.200;11.362.000.274.658.200;110.5;11.097.000.122.070.300;228966900
16/04/2025;10.448.999.786.376.900;10.679.000.091.552.700;10.044.999.694.824.200;10.455.000.305.175.700;397016900
17/04/2025;10.148.999.786.376.900;10.447.000.122.070.300;10.005.000.305.175.700;10.444.999.694.824.200;290833400
21/04/2025;9.691.000.366.210.930;9.944.000.244.140.620;9.504.000.091.552.730;987.699.966.430.664;288501100
22/04/2025;9.888.999.938.964.840;9.980.999.755.859.370;9.727.999.877.929.680;9.877.999.877.929.680;241004800
23/04/2025;10.270.999.908.447.200;10.480.000.305.175.700;1.020.199.966.430.660;1.045.199.966.430.660;247526000
24/04/2025;10.643.000.030.517.500;10.654.000.091.552.700;10.311.000.061.035.100;1.034.800.033.569.330;220815000
25/04/2025;11.101.000.213.623.000;11.191.999.816.894.500;1.057.300.033.569.330;1.068.499.984.741.210;251064700
28/04/2025;1.087.300.033.569.330;11.037.000.274.658.200;1.060.199.966.430.660;10.969.000.244.140.600;207708500
29/04/2025;1.090.199.966.430.660;11.019.999.694.824.200;10.744.000.244.140.600;10.766.999.816.894.500;170444300
30/04/2025;10.891.999.816.894.500;10.891.999.816.894.500;10.408.000.183.105.400;10.447.000.122.070.300;235044600
01/05/2025;11.161.000.061.035.100;11.494.000.244.140.600;11.130.000.305.175.700;11.308.000.183.105.400;236121500
02/05/2025;114.5;1.154.000.015.258.780;11.337.000.274.658.200;11.418.000.030.517.500;190194800
05/05/2025;11.381.999.969.482.400;11.466.999.816.894.500;11.266.000.366.210.900;11.291.000.366.210.900;133163200
06/05/2025;11.354.000.091.552.700;11.473.999.786.376.900;11.081.999.969.482.400;1.114.800.033.569.330;158525600
07/05/2025;11.705.999.755.859.300;11.768.000.030.517.500;11.227.999.877.929.600;11.305.000.305.175.700;206758800
08/05/2025;11.737.000.274.658.200;11.868.000.030.517.500;1.158.499.984.741.210;118.25;198428100
09/05/2025;1.166.500.015.258.780;1.182.300.033.569.330;11.520.999.908.447.200;1.173.499.984.741.210;132972200
12/05/2025;123.0;123.0;12.027.999.877.929.600;12.197.000.122.070.300;225023300
13/05/2025;12.992.999.267.578.100;13.122.000.122.070.300;12.447.000.122.070.300;1.249.800.033.569.330;330430100
14/05/2025;13.533.999.633.789.000;13.544.000.244.140.600;13.167.999.267.578.100;1.331.999.969.482.420;281180800
15/05/2025;1.348.300.018.310.540;1.363.000.030.517.570;13.266.000.366.210.900;1.342.899.932.861.320;226632600
16/05/2025;13.539.999.389.648.400;13.635.000.610.351.500;1.334.600.067.138.670;13.622.000.122.070.300;226542500
19/05/2025;13.557.000.732.421.800;1.358.699.951.171.870;13.238.999.938.964.800;13.238.999.938.964.800;193154600
20/05/2025;1.343.800.048.828.120;1.345.800.018.310.540;1.326.199.951.171.870;1.342.899.932.861.320;161514200
21/05/2025;1.318.000.030.517.570;13.739.999.389.648.400;13.058.999.633.789.000;13.305.999.755.859.300;270608700
22/05/2025;1.328.300.018.310.540;134.25;1.315.500.030.517.570;13.222.999.572.753.900;187344000
23/05/2025;1.312.899.932.861.320;13.267.999.267.578.100;12.916.000.366.210.900;130.0;198821300
27/05/2025;135.5;13.566.000.366.210.900;13.330.999.755.859.300;13.414.999.389.648.400;192953600
28/05/2025;13.480.999.755.859.300;137.25;1.347.899.932.861.320;13.602.999.877.929.600;304021100
29/05/2025;13.919.000.244.140.600;14.349.000.549.316.400;13.791.000.366.210.900;142.25;369241900
30/05/2025;1.351.300.048.828.120;1.396.199.951.171.870;1.329.199.981.689.450;13.872.000.122.070.300;333170900
02/06/2025;1.373.800.048.828.120;1.381.199.951.171.870;13.539.999.389.648.400;13.549.000.549.316.400;197663100
03/06/2025;14.122.000.122.070.300;142.0;1.379.499.969.482.420;13.877.999.877.929.600;225578800
04/06/2025;1.419.199.981.689.450;14.238.999.938.964.800;1.395.399.932.861.320;14.219.000.244.140.600;167120800
05/06/2025;13.999.000.549.316.400;144.0;1.388.300.018.310.540;1.421.699.981.689.450;231397900
06/06/2025;14.172.000.122.070.300;14.327.000.427.246.000;14.150.999.450.683.500;14.250.999.450.683.500;153986200
09/06/2025;1.426.300.048.828.120;145.0;14.194.000.244.140.600;14.319.000.244.140.600;185114500
10/06/2025;1.439.600.067.138.670;1.442.899.932.861.320;14.152.999.877.929.600;14.269.000.244.140.600;155372400
